id,observed_on_string,observed_on,time_observed_at,time_zone,user_id,user_login,user_name,created_at,updated_at,quality_grade,license,url,image_url,sound_url,tag_list,description,num_identification_agreements,num_identification_disagreements,captive_cultivated,oauth_application_id,place_guess,latitude,longitude,positional_accuracy,private_place_guess,private_latitude,private_longitude,public_positional_accuracy,geoprivacy,taxon_geoprivacy,coordinates_obscured,positioning_method,positioning_device,species_guess,scientific_name,common_name,iconic_taxon_name,taxon_id
266442082,2025-03-21 19:19:20,2025-03-21,2025-03-22 02:19:20 UTC,Pacific Time (US & Canada),285603,rmcminds,Ryan McMinds,2025-03-22 21:05:04 UTC,2025-03-22 21:05:06 UTC,needs_id,CC-BY,https://www.inaturalist.org/observations/266442082,https://inaturalist-open-data.s3.amazonaws.com/photos/478724420/medium.jpg,,,,0,0,False,843.0,"31st Ave NE, Lacey, WA, US",47.075275,-122.7659133333,4.0,,,,4.0,,,False,,,,Lichenomphalia ericetorum,Lichen Agaric,Fungi,1497645
266441982,2025-03-21 19:19:07,2025-03-21,2025-03-22 02:19:07 UTC,Pacific Time (US & Canada),285603,rmcminds,Ryan McMinds,2025-03-22 21:04:40 UTC,2025-03-22 21:04:42 UTC,needs_id,CC-BY,https://www.inaturalist.org/observations/266441982,https://inaturalist-open-data.s3.amazonaws.com/photos/478724216/medium.jpg,,,,0,0,False,843.0,"31st Ave NE, Lacey, WA, US",47.0752138333,-122.765945,6.0,,,,6.0,,,False,,,,Psathyrella piluliformis,Common Stump Brittlestem,Fungi,118273
266185294,2025-03-20 17:06:44,2025-03-20,2025-03-21 00:06:44 UTC,Pacific Time (US & Canada),285603,rmcminds,Ryan McMinds,2025-03-21 03:03:06 UTC,2025-03-21 03:03:07 UTC,needs_id,CC-BY,https://www.inaturalist.org/observations/266185294,https://inaturalist-open-data.s3.amazonaws.com/photos/478236139/medium.jpg,,,,0,0,False,843.0,"Outer Loop, Olympia, WA, US",47.1198361667,-122.7776116667,4.0,,,,4.0,,,False,,,,Taraxacum erythrospermum,red-seeded dandelion,Plantae,79317
266185060,2025-03-20 16:53:24,2025-03-20,2025-03-20 23:53:24 UTC,Pacific Time (US & Canada),285603,rmcminds,Ryan McMinds,2025-03-21 03:00:12 UTC,2025-03-21 04:28:30 UTC,research,CC-BY,https://www.inaturalist.org/observations/266185060,https://inaturalist-open-data.s3.amazonaws.com/photos/478235593/medium.jpg,,,,1,0,False,843.0,"Outer Loop, Olympia, WA, US",47.1231528333,-122.7800133333,4.0,,,,4.0,,,False,,,golden ear,Naematelia aurantia,golden ear,Fungi,1109245
266184989,2025-03-20 16:48:45,2025-03-20,2025-03-20 23:48:45 UTC,Pacific Time (US & Canada),285603,rmcminds,Ryan McMinds,2025-03-21 02:59:23 UTC,2025-03-22 01:54:18 UTC,research,CC-BY,https://www.inaturalist.org/observations/266184989,https://inaturalist-open-data.s3.amazonaws.com/photos/478235477/medium.jpg,,,,1,0,False,843.0,"Outer Loop, Olympia, WA, US",47.1217221667,-122.7800616667,13.0,,,,13.0,,,False,,,small-flowered nemophila,Nemophila parviflora,small-flowered nemophila,Plantae,57353
266184829,2025-03-20 16:37:00,2025-03-20,2025-03-20 23:37:00 UTC,Pacific Time (US & Canada),285603,rmcminds,Ryan McMinds,2025-03-21 02:57:01 UTC,2025-03-21 02:57:02 UTC,needs_id,CC-BY,https://www.inaturalist.org/observations/266184829,https://inaturalist-open-data.s3.amazonaws.com/photos/478235121/medium.jpg,,,,0,0,False,843.0,"61st Ave NE, Olympia, WA, US",47.1172416667,-122.77925,16.0,,,,16.0,,,False,,,,Rosa multiflora,multiflora rose,Plantae,78882
266184793,2025-03-20 16:30:57,2025-03-20,2025-03-20 23:30:57 UTC,Pacific Time (US & Canada),285603,rmcminds,Ryan McMinds,2025-03-21 02:56:22 UTC,2025-03-23 03:12:33 UTC,research,CC-BY,https://www.inaturalist.org/observations/266184793,https://inaturalist-open-data.s3.amazonaws.com/photos/478235031/medium.jpg,,,,0,0,False,843.0,"Outer Loop, Olympia, WA, US",47.1164638333,-122.776755,13.0,,,,13.0,,,False,,,Menzies' Tree Moss,Leucolepis acanthoneura,Menzies' Tree Moss,Plantae,120870
266184783,2025-03-20 16:29:43,2025-03-20,2025-03-20 23:29:43 UTC,Pacific Time (US & Canada),285603,rmcminds,Ryan McMinds,2025-03-21 02:56:10 UTC,2025-03-21 03:02:47 UTC,research,CC-BY,https://www.inaturalist.org/observations/266184783,https://inaturalist-open-data.s3.amazonaws.com/photos/478235000/medium.jpg,,,,0,0,False,843.0,"61st Ave NE, Olympia, WA, US",47.116425,-122.7761533333,19.0,,,,19.0,,,False,,,mountain sweet cicely,Osmorhiza berteroi,mountain sweet cicely,Plantae,53166
266185556,2025-03-20 16:22:27,2025-03-20,2025-03-20 23:22:27 UTC,Pacific Time (US & Canada),285603,rmcminds,Ryan McMinds,2025-03-21 03:05:38 UTC,2025-03-21 03:05:39 UTC,needs_id,CC-BY,https://www.inaturalist.org/observations/266185556,https://inaturalist-open-data.s3.amazonaws.com/photos/478236594/medium.jpg,,,,0,0,False,843.0,"Outer Loop, Olympia, WA, US",47.1169778333,-122.773575,12.0,,,,12.0,,open,False,,,,Lactarius pseudomucidus,Gray-stemmed Milk Cap,Fungi,351303
266184523,2025-03-20 16:16:34,2025-03-20,2025-03-20 23:16:34 UTC,Pacific Time (US & Canada),285603,rmcminds,Ryan McMinds,2025-03-21 02:53:03 UTC,2025-03-21 02:53:04 UTC,needs_id,CC-BY,https://www.inaturalist.org/observations/266184523,https://inaturalist-open-data.s3.amazonaws.com/photos/478234415/medium.jpg,,,,0,0,False,843.0,"Outer Loop, Olympia, WA, US",47.1181028333,-122.7734666667,6.0,,,,6.0,,,False,,,,Ribes divaricatum,spreading gooseberry,Plantae,53448
266185384,2025-03-20 16:08:12,2025-03-20,2025-03-20 23:08:12 UTC,Pacific Time (US & Canada),285603,rmcminds,Ryan McMinds,2025-03-21 03:04:09 UTC,2025-03-22 06:30:59 UTC,research,CC-BY,https://www.inaturalist.org/observations/266185384,https://inaturalist-open-data.s3.amazonaws.com/photos/478236307/medium.jpg,,,,0,0,False,843.0,"Outer Loop, Olympia, WA, US",47.1174916667,-122.7761533333,12.0,,,,12.0,,,False,,,little western bittercress,Cardamine oligosperma,little western bittercress,Plantae,52981
266184090,2025-03-20 15:52:22,2025-03-20,2025-03-20 22:52:22 UTC,Pacific Time (US & Canada),285603,rmcminds,Ryan McMinds,2025-03-21 02:47:34 UTC,2025-03-21 02:47:35 UTC,needs_id,CC-BY,https://www.inaturalist.org/observations/266184090,https://inaturalist-open-data.s3.amazonaws.com/photos/478233548/medium.jpg,,,,0,0,False,843.0,"Olympia, WA, US",47.1220388333,-122.7739416667,3.0,,,,3.0,,,False,,,,Tresus capax,Fat Gaper,Mollusca,126927
265662326,2025-03-16 16:58:17,2025-03-16,2025-03-16 23:58:17 UTC,Pacific Time (US & Canada),285603,rmcminds,Ryan McMinds,2025-03-17 05:10:48 UTC,2025-03-17 05:10:49 UTC,needs_id,CC-BY,https://www.inaturalist.org/observations/265662326,https://inaturalist-open-data.s3.amazonaws.com/photos/477222769/medium.jpg,,,,0,0,False,843.0,"Olympia, WA, US",47.1294138333,-122.8470466667,11.0,,,,11.0,,,False,,,,Taphrina betulina,Birch Witch's-broom,Fungi,384484
265661675,2025-03-16 16:26:31,2025-03-16,2025-03-16 23:26:31 UTC,Pacific Time (US & Canada),285603,rmcminds,Ryan McMinds,2025-03-17 05:00:40 UTC,2025-03-21 15:42:58 UTC,needs_id,CC-BY,https://www.inaturalist.org/observations/265661675,https://inaturalist-open-data.s3.amazonaws.com/photos/477221413/medium.jpg,,,,0,0,False,843.0,"Woodard Bay Rd NE, Olympia, WA, US",47.123767,-122.849315,45.0,,,,45.0,,,False,,,Carex hendersonii,Carex hendersonii,Henderson's Sedge,Plantae,76048
264979912,2025-03-11 12:34:57,2025-03-11,2025-03-11 19:34:57 UTC,Pacific Time (US & Canada),285603,rmcminds,Ryan McMinds,2025-03-11 22:00:15 UTC,2025-03-12 22:48:21 UTC,needs_id,CC-BY,https://www.inaturalist.org/observations/264979912,https://inaturalist-open-data.s3.amazonaws.com/photos/475880322/medium.jpg,,,,0,0,False,843.0,"Marymere Falls Nature Trail, Port Angeles, WA, US",48.0581971667,-123.7874916667,4.0,,,,4.0,,open,False,,,Small-leaved Blinks,Montia parvifolia,Small-leaved Blinks,Plantae,78123
264885725,2025-03-10 16:31:57,2025-03-10,2025-03-10 23:31:57 UTC,Pacific Time (US & Canada),285603,rmcminds,Ryan McMinds,2025-03-11 02:23:13 UTC,2025-03-11 02:23:14 UTC,needs_id,CC-BY,https://www.inaturalist.org/observations/264885725,https://inaturalist-open-data.s3.amazonaws.com/photos/475697694/medium.jpg,,,,0,0,False,843.0,"S Forks Ave, Forks, WA, US",47.9343533333,-124.3953083333,4.0,,,,4.0,,,False,,,,Scytinotus longinquus,Rosy Oysterling,Fungi,498511
264886105,2025-03-10 16:29:06,2025-03-10,2025-03-10 23:29:06 UTC,Pacific Time (US & Canada),285603,rmcminds,Ryan McMinds,2025-03-11 02:26:33 UTC,2025-03-15 07:41:25 UTC,research,CC-BY,https://www.inaturalist.org/observations/264886105,https://inaturalist-open-data.s3.amazonaws.com/photos/475698261/medium.jpg,,,,0,0,False,843.0,"S Forks Ave, Forks, WA, US",47.9351216667,-124.3946616667,4.0,,,,4.0,,,False,,,Short-styled Thistle,Cirsium brevistylum,Short-styled Thistle,Plantae,52993
264885561,2025-03-10 16:23:17,2025-03-10,2025-03-10 23:23:17 UTC,Pacific Time (US & Canada),285603,rmcminds,Ryan McMinds,2025-03-11 02:20:50 UTC,2025-03-11 02:20:50 UTC,needs_id,CC-BY,https://www.inaturalist.org/observations/264885561,https://inaturalist-open-data.s3.amazonaws.com/photos/475697283/medium.jpg,,,,0,0,False,843.0,"S Forks Ave, Forks, WA, US",47.9362333333,-124.3942866667,4.0,,,,4.0,,,False,,,,Fomitopsis ochracea,Ochre-banded Conk,Fungi,495903
264885446,2025-03-10 16:17:37,2025-03-10,2025-03-10 23:17:37 UTC,Pacific Time (US & Canada),285603,rmcminds,Ryan McMinds,2025-03-11 02:19:27 UTC,2025-03-11 02:19:28 UTC,needs_id,CC-BY,https://www.inaturalist.org/observations/264885446,https://inaturalist-open-data.s3.amazonaws.com/photos/475697034/medium.jpg,,,,0,0,False,843.0,"S Forks Ave, Forks, WA, US",47.935505,-124.3940116667,4.0,,,,4.0,,,False,,,,Polytrichum formosum,Bank Haircap Moss,Plantae,68290
264885112,2025-03-10 16:00:49,2025-03-10,2025-03-10 23:00:49 UTC,Pacific Time (US & Canada),285603,rmcminds,Ryan McMinds,2025-03-11 02:16:31 UTC,2025-03-21 03:11:12 UTC,research,CC-BY,https://www.inaturalist.org/observations/264885112,https://inaturalist-open-data.s3.amazonaws.com/photos/475696538/medium.jpg,,,,0,0,False,843.0,"Forks, WA, US",47.9321833333,-124.395845,4.0,,,,4.0,,,False,,,jellied bird's nest fungus,Nidula candida,jellied bird's nest fungus,Fungi,120036
